Game_Stage,count,mean,std,min,25%,50%,75%,max,mode
Beginning,3261.0,11.676172953081876,0.852286466151378,8.0,11.0,12.0,12.0,13.0,12.0
End,4126.0,5.351187590887058,3.161209173365601,1.0,3.0,5.0,7.0,13.0,5.0
Middle,8566.0,10.733247723558254,2.0048240434568037,2.0,10.0,11.0,12.0,13.0,12.0
