Game_Stage,count,mean,std,min,25%,50%,75%,max,mode
Beginning,4005.0,12.542322097378277,2.4764664776468686,8.0,11.0,12.0,13.0,41.0,12.0
End,5298.0,11.122876557191393,14.091364323295261,1.0,3.0,6.0,12.0,130.0,5.0
Middle,19975.0,17.91584480600751,11.090639283629253,2.0,12.0,14.0,20.0,176.0,12.0
